Date,Close,High,Low,Open,Volume
2024-04-22,1311.863525390625,1335.7155894886364,1311.863525390625,1321.4043510298295,30188300.0
2024-04-23,1311.863525390625,1335.7155894886364,1307.0931125710226,1311.863525390625,19332900.0
2024-04-24,1278.470703125,1321.4044207672575,1268.929876982276,1311.8635946245336,39036900.0
2024-04-25,1249.8480224609375,1283.2409085572222,1245.0776101614683,1273.7000839582836,32557400.0
2024-04-26,1240.3072509765625,1273.7001385028545,1240.3072509765625,1249.8480759840745,28055500.0
2024-04-29,1273.7001953125,1278.4706080290262,1216.4552427141855,1254.6185444463952,27687400.0
2024-04-30,1292.7818603515625,1307.0930986580372,1264.1593837386126,1278.4706220450876,24498900.0
2024-05-01,1292.7818603515625,1307.0930986580372,1264.1593837386126,1278.4706220450876,24498900.0
2024-05-02,1302.3226318359375,1321.404282119248,1278.4705689817995,1297.55221926511,49490600.0
2024-05-03,1302.3226318359375,1307.093044406765,1288.0113941234547,1302.3226318359375,20510200.0
2024-05-06,1359.5675048828125,1359.5675048828125,1302.3225573087993,1316.6337942023026,56512000.0
2024-05-07,1340.4859619140625,1364.3380252933164,1330.945136562361,1359.5676126174656,25684100.0
2024-05-08,1369.108642578125,1369.108642578125,1340.4861622454812,1340.4861622454812,43532500.0
2024-05-09,1369.108642578125,1369.108642578125,1340.4861622454812,1340.4861622454812,43532500.0
2024-05-10,1369.108642578125,1369.108642578125,1340.4861622454812,1340.4861622454812,43532500.0
2024-05-13,1407.2718505859375,1416.8126766916048,1359.5677200576006,1369.1085461632679,64339500.0
2024-05-14,1373.87890625,1407.2717963324653,1369.1084933810764,1407.2717963324653,26634100.0
2024-05-15,1350.0267333984375,1412.0420957100266,1350.0267333984375,1378.6492083114786,44476800.0
2024-05-16,1373.87890625,1378.6493191189236,1354.7972547743057,1354.7972547743057,33454900.0
2024-05-17,1373.87890625,1383.4197319878474,1354.7972547743057,1378.6493191189236,28090300.0
2024-05-20,1388.1900634765625,1392.960476065829,1364.3380005302297,1373.8788257087629,27290300.0
2024-05-21,1373.87890625,1407.2717963324653,1369.1084933810764,1388.190144856771,41137800.0
2024-05-22,1392.9605712890625,1392.9605712890625,1359.567680881448,1383.4197454583157,31385400.0
2024-05-23,1392.9605712890625,1392.9605712890625,1359.567680881448,1383.4197454583157,31385400.0
2024-05-24,1392.9605712890625,1392.9605712890625,1359.567680881448,1383.4197454583157,31385400.0
2024-05-27,1369.108642578125,1402.5015362995427,1364.338229189351,1392.9607095219949,70609900.0
2024-05-28,1384.190673828125,1394.4820543026833,1337.8794616926114,1337.8794616926114,85173300.0
2024-05-29,1379.044921875,1394.4819918959888,1368.7535418610075,1384.1906118819963,23084900.0
2024-05-30,1409.9190673828125,1425.3561374636463,1379.0449272211451,1379.0449272211451,47278200.0
2024-05-31,1425.356201171875,1445.9389621996277,1404.7734401441223,1415.0648206579986,95437800.0
2024-06-03,1507.68701171875,1507.68701171875,1440.7930487414674,1440.7930487414674,84422500.0
2024-06-04,1502.5413818359375,1512.8327611635812,1466.5215541891857,1492.2500025082943,64394000.0
2024-06-05,1476.81298828125,1497.3957476998041,1461.3759187173346,1492.2500578451657,40235800.0
2024-06-06,1466.521484375,1481.9585526315789,1451.0844161184211,1481.9585526315789,24301800.0
2024-06-07,1461.3758544921875,1487.1043026346556,1451.0844752352004,1466.5215441206813,25352600.0
2024-06-10,1415.0645751953125,1466.5214688387782,1394.4818177379261,1461.3757794744317,48405800.0
2024-06-11,1399.6275634765625,1425.3560113345875,1399.6275634765625,1415.0646321913775,27025700.0
2024-06-12,1435.6474609375,1445.9388405857976,1404.7733219926076,1409.9190118167564,41923800.0
2024-06-13,1430.5018310546875,1456.2302812535129,1415.0647609353923,1451.0845912137477,23164500.0
2024-06-14,1430.5018310546875,1445.9389011739827,1409.9190708956273,1445.9389011739827,23154400.0
2024-06-17,1430.5018310546875,1445.9389011739827,1409.9190708956273,1445.9389011739827,23154400.0
2024-06-18,1430.5018310546875,1445.9389011739827,1409.9190708956273,1445.9389011739827,23154400.0
2024-06-19,1368.7535400390625,1435.6475100409716,1358.4621600387688,1430.501820040825,45623700.0
2024-06-20,1404.7733154296875,1404.7733154296877,1368.7534868289265,1384.1905562292527,18168000.0
2024-06-21,1404.7733154296875,1430.5017644302313,1399.627625629579,1404.7733154296877,43444700.0
2024-06-24,1399.6275634765625,1409.9189426197725,1389.3361843333523,1404.7732530481674,15497700.0
2024-06-25,1394.48193359375,1399.6276233856088,1379.0448642181734,1394.48193359375,17174800.0
2024-06-26,1415.0645751953125,1420.210264559659,1389.3361283735794,1394.4818177379261,18956900.0
2024-06-27,1415.0645751953125,1430.5016432883522,1399.6275071022726,1415.0645751953125,24919400.0
2024-06-28,1435.6474609375,1440.7931507616488,1415.064701640905,1415.064701640905,29761900.0
2024-07-01,1440.79296875,1461.3757254464285,1420.2102120535715,1435.647279575893,20224300.0
2024-07-02,1461.3758544921875,1471.6672337491748,1440.7930959782132,1440.7930959782132,23640200.0
2024-07-03,1487.1043701171875,1502.5414397031789,1461.3759208072015,1466.5216106691985,37201100.0
2024-07-04,1471.6673583984375,1497.3958087200883,1471.6673583984373,1492.2501186557581,21481400.0
2024-07-05,1497.3956298828125,1497.3956298828125,1471.667182633967,1476.812872083736,19036800.0
2024-07-08,1492.2501220703125,1497.3958121464168,1481.9587419181034,1497.3958121464168,19287600.0
2024-07-09,1492.2501220703125,1502.5415022225213,1481.9587419181034,1497.3958121464168,33908500.0
2024-07-10,1492.2501220703125,1507.6871922986259,1481.9587419181034,1492.2501220703123,15583800.0
2024-07-11,1471.6673583984375,1492.2501186557581,1471.6673583984373,1492.2501186557581,14109100.0
2024-07-12,1456.2301025390625,1471.6671707638582,1440.7930343142666,1466.5214813555929,31624700.0
2024-07-15,1476.81298828125,1476.8129882812502,1456.230228862696,1456.230228862696,28322100.0
2024-07-16,1476.81298828125,1492.2500578451657,1466.521608571973,1492.2500578451657,15556100.0
2024-07-17,1492.2501220703125,1497.3958121464168,1476.813051841999,1487.1044319942077,30254100.0
2024-07-18,1559.14404296875,1564.289732879538,1476.8130043961428,1487.1043842177187,103268300.0
2024-07-19,1595.163818359375,1620.8922670425907,1564.2896799395162,1564.2896799395162,112245400.0
2024-07-22,1641.4749755859375,1662.0577339004944,1595.1637693781836,1595.1637693781836,67919400.0
2024-07-23,1610.6009521484375,1667.2035415210662,1610.6009521484375,1641.475091806235,33527400.0
2024-07-24,1631.1837158203125,1641.4750957308509,1605.455266043967,1615.7466459545053,34903800.0
2024-07-25,1610.6009521484375,1646.6207817492013,1605.4552622054712,1626.0380219773363,32062500.0
2024-07-26,1636.329345703125,1641.475035469487,1610.600896871315,1620.892276404039,26608400.0
2024-07-29,1636.329345703125,1656.912104768573,1631.183655936763,1636.329345703125,27176600.0
2024-07-30,1662.0577392578125,1672.3491184482632,1636.3292912816853,1646.6206704721362,46439400.0
2024-07-31,1656.9119873046875,1682.6404343125243,1646.6206085015529,1672.3490555093897,44870200.0
2024-08-01,1672.34912109375,1672.34912109375,1631.1836042668267,1656.9120522836538,36345400.0
2024-08-02,1708.3690185546875,1734.0974676293063,1662.0578102203735,1667.2035000352973,72656600.0
2024-08-05,1590.0181884765625,1682.6406072227699,1579.7268086158726,1682.6406072227699,136208200.0
2024-08-06,1636.329345703125,1646.620725235849,1584.8724480395047,1626.037966170401,92352300.0
2024-08-07,1662.0577392578125,1682.6404976387141,1646.6206704721362,1651.7663600673616,52487400.0
2024-08-08,1641.4749755859375,1662.0577339004944,1626.0379068500195,1651.766354743216,33577900.0
2024-08-09,1636.329345703125,1656.912104768573,1620.892276404039,1651.766415002211,38362100.0
2024-08-12,1667.203369140625,1667.203369140625,1636.329232675058,1641.4749220859858,55556900.0
2024-08-13,1662.0577392578125,1682.6404976387141,1641.4749808769106,1672.3491184482632,57590400.0
2024-08-14,1656.9119873046875,1667.2033661078221,1646.6206085015529,1662.0576767062548,32403100.0
2024-08-15,1651.766357421875,1656.9120470088592,1631.183599073939,1656.9120470088592,35270300.0
2024-08-16,1687.786376953125,1698.0777573004,1662.057926084937,1662.057926084937,75452400.0
2024-08-19,1687.786376953125,1698.0777573004,1667.2036162585746,1682.6406867794874,27875100.0
2024-08-20,1682.6405029296875,1692.9318821524992,1667.2034340954704,1687.7861925410934,28237200.0
2024-08-21,1677.494873046875,1698.0776322253641,1667.2034934576302,1687.7862526361196,40796800.0
2024-08-22,1728.9517822265625,1744.3888517107282,1646.6207449776784,1667.2035042898995,113355100.0
2024-08-23,1785.5543212890625,1790.7000109757746,1734.0974244219426,1734.0974244219426,118011400.0
2024-08-26,1795.845703125,1800.991392818768,1764.9715649623927,1795.845703125,50557000.0
2024-08-27,1811.28271484375,1837.0111624977806,1780.4085776589134,1806.137025312944,66094200.0
2024-08-28,1816.428466796875,1831.8655359197944,1800.9913976739554,1826.7198462121546,50932800.0
2024-08-29,1811.28271484375,1847.3025415593927,1800.9913357821379,1821.5740939053621,63218700.0
2024-08-30,1831.865478515625,1847.3025471548015,1806.137030783664,1821.5740994228404,95767700.0
2024-09-02,1857.593994140625,1878.1767530784712,1837.0112352027786,1847.3026146717018,96348100.0
2024-09-03,1852.4482421875,1867.8853108723958,1831.8654839409721,1857.5939317491318,45068100.0
2024-09-04,1831.865478515625,1867.8853053403702,1795.8456516908795,1821.5740994228404,73571700.0
2024-09-05,1826.7198486328125,1837.0112280617298,1780.4086412026847,1831.865538347271,64913100.0
2024-09-06,1785.5543212890625,1821.5741490960465,1780.4086316023506,1816.4284594093347,45222100.0
2024-09-09,1795.845703125,1800.991392818768,1744.388806187321,1785.5543237374643,82176000.0
2024-09-10,1795.845703125,1831.8655309813755,1770.1172546561606,1795.845703125,74744100.0
2024-09-11,1811.28271484375,1816.428404374556,1785.5542671897194,1795.8456462513316,81318300.0
2024-09-12,1981.0906982421875,2084.004500748275,1955.3622476156656,2017.110529119318,531570400.0
2024-09-13,1888.4681396484375,1975.9448654632151,1883.322449894627,1975.9448654632151,208787000.0
2024-09-16,1888.4681396484375,1975.9448654632151,1883.322449894627,1975.9448654632151,208787000.0
2024-09-17,1934.779296875,1945.070676113697,1837.0111941073806,1888.4680903008646,136509300.0
2024-09-18,1878.1766357421875,1945.0705981110875,1873.0309463291953,1934.7792192851027,101840000.0
2024-09-19,1883.3223876953125,1903.9051460307803,1842.1568710243766,1883.3223876953123,127737900.0
2024-09-20,1898.7596435546875,1924.4880940093583,1873.0311931000172,1888.4682633728194,152237900.0
2024-09-23,1903.9052734375,1924.4880331503377,1898.7595835092905,1914.1966532939189,70067100.0
2024-09-24,1924.4881591796875,1934.7795397100601,1898.7597078537558,1919.342468914501,111192200.0
2024-09-25,1898.7596435546875,1934.7794741912264,1893.6139534637537,1934.7794741912264,75405400.0
2024-09-26,1945.070556640625,1945.0705566406252,1903.9050422143685,1914.1964208209326,76548100.0
2024-09-27,2011.9647216796875,2027.4017911554906,1924.487994650136,1945.0707539512068,121060900.0
2024-09-30,1960.5078125,2022.2560900590552,1960.5078125,2011.9647104658793,72652500.0
2024-10-01,2017.1103515625,2022.2560412348532,1909.0508684430804,1970.79914451132,131208500.0
2024-10-02,1991.3818359375,2006.8189044331396,1970.799077943314,2006.8189044331396,51106900.0
2024-10-03,1970.7991943359375,1991.3819535457123,1970.7991943359377,1986.2362637432689,28529100.0
2024-10-04,1960.5078125,2001.6733308727034,1960.5078125,1981.0905716863517,42159000.0
2024-10-07,2001.67333984375,2022.2560991223488,1975.9448907455012,2001.6733398437498,78469800.0
2024-10-08,1955.3621826171875,2006.819082159745,1955.3621826171875,2006.819082159745,70099000.0
2024-10-09,1965.6536865234375,1975.9450670811516,1934.7795448502943,1965.6536865234373,49286700.0
2024-10-10,1965.6536865234375,1991.3821379177232,1965.6536865234373,1970.7993768022945,57294900.0
2024-10-11,1991.3818359375,2001.673214934593,1981.090456940407,1991.3818359375,26344700.0
2024-10-14,1991.3818359375,2011.964593931686,1986.2361464389535,1991.3818359375,43032900.0
2024-10-15,1996.5277099609375,2017.110469857442,1981.090640038559,1991.3820199868114,52135200.0
2024-10-16,1981.0906982421875,2006.8191488687094,1970.7993179915786,2006.8191488687094,106113000.0
2024-10-17,2006.8189697265625,2011.9646593925281,1970.7991420648036,1986.2362110627002,41860900.0
2024-10-18,1945.070556640625,2011.9645175832923,1919.3421101242147,2006.8188282800102,89683900.0
2024-10-21,1924.4881591796875,1955.3623007708054,1903.9053981189422,1950.2166105056192,67414900.0
2024-10-22,1919.34228515625,1939.9250442463974,1903.9052158386394,1924.4879749287868,54862400.0
2024-10-23,1898.7596435546875,1924.4880940093583,1893.6139534637537,1919.3424039184242,44721100.0
2024-10-24,1893.61376953125,1909.0508383046026,1888.4680799401324,1898.7594591223674,34075500.0
2024-10-25,1883.3223876953125,1909.0508356146472,1847.3025606082435,1903.9051460307803,77709700.0
2024-10-28,1893.61376953125,1919.3422174868376,1878.1767007578974,1898.7594591223674,39595900.0
2024-10-29,1867.885498046875,1903.905328587724,1862.739807969611,1903.905328587724,20534800.0
2024-10-30,1873.0311279296875,1888.468197665372,1842.1569884583191,1867.885438017793,36350000.0
2024-10-31,1862.7398681640625,1893.6140096253453,1862.7398681640625,1873.0312486511568,53507800.0
2024-11-01,1950.21630859375,1970.7990664680901,1862.7395876278033,1862.7395876278033,146059200.0
2024-11-04,2022.2562255859375,2027.4019157273776,1975.945014312977,1975.945014312977,141050500.0
2024-11-05,2078.858642578125,2212.646575021272,2063.42157345007,2089.150021996829,438639700.0
2024-11-06,2063.42138671875,2114.8782791556264,2047.984318987687,2089.149832937188,113133700.0
2024-11-07,2017.1103515625,2058.2758689413267,2001.67328254544,2053.1301792689733,96971400.0
2024-11-08,1970.7991943359375,2017.110402557931,1960.5078147310503,2017.110402557931,90924600.0
2024-11-11,1924.4881591796875,1986.2364423619233,1919.342468914501,1970.7993715663645,99455600.0
2024-11-12,1965.6536865234375,2006.8192087542946,1950.2166156868657,1955.362305965723,85754000.0
2024-11-13,2017.1103515625,2063.4215586136797,1991.3819032007334,2032.54742057956,144865000.0
2024-11-14,1970.7991943359375,2032.547471965262,1970.7991943359377,2027.4017821628183,84790900.0
2024-11-15,2017.1103515625,2027.4017309072067,1950.216385821907,1970.79914451132,83361300.0
2024-11-18,1903.9052734375,2017.110451858108,1888.4682036528716,2017.110451858108,256319600.0
2024-11-19,1909.0509033203125,1955.3621112175708,1888.4681442548645,1914.1965930866745,107023300.0
2024-11-20,1898.7596435546875,1929.6337841002924,1883.3225732818853,1909.0510237365559,80247300.0
2024-11-21,1893.61376953125,1909.0508383046026,1883.322390349015,1903.905148713485,80544200.0
2024-11-22,1929.6336669921875,1929.6336669921875,1873.0310794270833,1893.6138385416666,154094300.0
2024-11-25,1939.9249267578125,1960.5076846013967,1919.3421689142283,1934.7792372969166,192437100.0
2024-11-26,1888.4681396484375,1965.6534859555943,1888.4681396484375,1945.0707269403524,283961800.0
2024-11-27,1888.4681396484375,1965.6534859555943,1888.4681396484375,1945.0707269403524,283961800.0
2024-11-28,2254.5751953125,2254.5751953125,2254.5751953125,2254.5751953125,20071600.0
2024-11-29,1699.1002197265625,1805.2939834594727,1690.9314686701848,1690.9314686701848,1047877300.0
2024-12-02,1886.9813232421875,1944.1625754616477,1707.2688162667412,1707.2688162667412,517878000.0
2024-12-03,1927.8251953125,1985.0064511056673,1862.4751886917372,1903.318942829714,258567000.0
2024-12-04,1927.8251953125,1944.1626969676906,1878.812690346928,1935.9939461400954,135756100.0
2024-12-05,1911.4876708984375,1976.837676741119,1878.8126679770967,1952.3314245501133,179016300.0
2024-12-06,1878.8126220703125,1911.4876241932745,1870.643871539572,1911.4876241932745,152806600.0
2024-12-09,2189.225341796875,2205.562844347598,1886.9815446085006,1886.9815446085006,509279500.0
2024-12-10,2230.06884765625,2352.6001030219777,2140.2125937213827,2205.562596583104,360677800.0
2024-12-11,2132.0439453125,2262.74395728568,2132.0439453125,2230.068954292385,159744000.0
2024-12-12,2066.694091796875,2172.88785935956,2050.3565890949235,2132.0441026046815,120595500.0
2024-12-13,2107.537841796875,2148.3815984208454,2074.8628364976985,2083.031587822493,110671800.0
2024-12-16,2123.875,2172.8875000000003,2025.8500000000001,2107.5375,137736700.0
2024-12-17,2050.3564453125,2172.8877069845616,2050.3564453125,2164.718956206424,94626300.0
2024-12-18,2115.70654296875,2148.3815474933635,2074.8627873129826,2115.70654296875,91709300.0
2024-12-19,2074.862548828125,2107.5375495970716,2058.5250484436515,2099.368799404835,57029200.0
2024-12-20,2083.031494140625,2107.537747012868,2050.356490310968,2074.862743183211,65183500.0
2024-12-23,2074.862548828125,2115.7062997893086,2058.5250484436515,2107.5375495970716,49626700.0
2024-12-24,2050.3564453125,2132.0439530938743,2050.3564453125,2074.8626976469122,70990000.0
2024-12-25,2050.3564453125,2132.0439530938743,2050.3564453125,2074.8626976469122,70990000.0
2024-12-26,2050.3564453125,2132.0439530938743,2050.3564453125,2074.8626976469122,70990000.0
2024-12-27,2074.862548828125,2074.862548828125,2034.0187978669414,2066.693798635888,64253200.0
2024-12-30,2071.861328125,2105.9660413451647,2054.8089715149176,2080.387506430041,75087400.0
2024-12-31,2071.861328125,2105.9660413451647,2054.8089715149176,2080.387506430041,75087400.0
2025-01-01,2071.861328125,2105.9660413451647,2054.8089715149176,2080.387506430041,75087400.0
2025-01-02,2157.123291015625,2165.649470031497,2071.8615008569045,2080.3876798727765,64116400.0
2025-01-03,2097.43994140625,2199.754084889482,2088.9137627826476,2157.1231917714686,76328900.0
2025-01-06,2029.2305908203125,2114.4923803505776,2029.2305908203125,2105.9662013975512,49081900.0
2025-01-07,2105.966064453125,2114.4922428517207,1978.07338847419,2029.2304588657641,67782800.0
2025-01-08,2046.282958984375,2148.5971069335938,2046.282958984375,2105.9662119547525,61062900.0
2025-01-09,1995.1258544921875,2071.8614642803486,1995.1258544921875,2063.335285414997,45892800.0
2025-01-10,1978.073486328125,2037.756738070784,1978.073486328125,2012.1782016096445,62624200.0
2025-01-13,2003.652099609375,2037.7568161984707,1961.021203873005,1986.599741314827,74767000.0
2025-01-14,2012.17822265625,2063.3352961136125,2012.17822265625,2029.2305804753707,60111900.0
2025-01-15,2046.282958984375,2071.8614959716797,2012.178243001302,2029.2306009928384,64611600.0
2025-01-16,2054.80908203125,2105.966154612941,2046.282903267635,2063.335260794865,64925500.0
2025-01-17,2046.282958984375,2071.8614959716797,2012.178243001302,2063.335316975911,42754800.0
2025-01-20,2003.652099609375,2063.3353536402924,2003.6520996093748,2046.2829953457447,45514100.0
2025-01-21,1969.54736328125,2020.7044376521917,1969.54736328125,2012.178258590368,48624800.0
2025-01-22,1978.073486328125,2003.6520227892647,1978.073486328125,1986.599665148505,38370100.0
2025-01-23,1995.1258544921875,2037.7567488189436,1969.5473178961338,1986.5996756268362,89773300.0
2025-01-24,1961.0211181640625,2012.1781908118205,1943.9687606148098,1995.1258332625678,49262300.0
2025-01-27,1961.0211181640625,2012.1781908118205,1943.9687606148098,1995.1258332625678,49262300.0
2025-01-28,1961.0211181640625,2012.1781908118205,1943.9687606148098,1995.1258332625678,49262300.0
2025-01-29,1961.0211181640625,2012.1781908118205,1943.9687606148098,1995.1258332625678,49262300.0
2025-01-30,1961.0211181640625,1978.0734757133152,1918.3902242909307,1969.5472969386888,69364100.0
2025-01-31,1986.5997314453125,1995.1259105502281,1952.4950150256504,1969.5473732354815,28461600.0
2025-02-03,1969.54736328125,1986.5997214048973,1926.916467972132,1978.0735423430735,41039600.0
2025-02-04,1986.5997314453125,2020.7044478649746,1952.4950150256504,1969.5473732354815,40429000.0
2025-02-05,2012.17822265625,2037.7567593849312,1978.0735070180085,2037.7567593849312,44623600.0
2025-02-06,1952.4949951171875,2020.7044272610192,1926.9164580632505,2012.1782482430403,25004000.0
2025-02-07,1935.442626953125,1952.4949848998485,1901.337911059678,1952.4949848998485,31794100.0
2025-02-10,1884.2855224609375,1935.4425954689268,1875.7593436262728,1935.4425954689268,40513300.0
2025-02-11,1833.12841796875,1892.8116687863371,1807.5498819040697,1884.2854900981106,55581600.0
2025-02-12,1909.864013671875,1926.9163709368024,1824.6022273472377,1833.1284059797015,51489500.0
2025-02-13,1884.2855224609375,1918.3902377995971,1867.2331647916078,1909.8640589649322,25864900.0
2025-02-14,1909.864013671875,1909.864013671875,1875.7592991420202,1892.8116564069476,25653500.0
2025-02-17,1943.96875,1961.0211074561403,1884.2854989035086,1909.8640350877192,26585800.0
2025-02-18,1926.9163818359375,1961.0210965586973,1918.3902031552475,1943.9687391973175,31548300.0
2025-02-19,1918.3902587890625,1952.494974500868,1884.285543077257,1935.4426166449653,30930100.0
2025-02-20,1875.7593994140625,1918.3902948552914,1867.2332203258168,1918.3902948552914,51774500.0
2025-02-21,1858.70703125,1909.864105504587,1858.70703125,1875.7593893348624,34827700.0
2025-02-24,1867.233154296875,1892.811690657106,1833.1284391499,1858.706975510131,25614100.0
2025-02-25,1790.49755859375,1867.233168247768,1773.4452008928572,1858.7069893973214,42874400.0
2025-02-26,1799.023681640625,1833.1283959845232,1773.4451458827016,1799.023681640625,34974000.0
2025-02-27,1764.9190673828125,1833.12849993867,1747.8667092438482,1816.0761417997055,42563900.0
2025-02-28,1764.9190673828125,1790.497604591259,1713.7619929659195,1764.9190673828125,67351500.0
2025-03-03,1747.86669921875,1799.0237733422257,1713.761983136433,1790.4975943216464,71978900.0
2025-03-04,1628.5001220703125,1756.3928018140543,1598.6584967967729,1739.3404445148888,136834400.0
2025-03-05,1619.9739990234375,1658.3418042634662,1590.1323727256372,1628.5001779656661,143028000.0
2025-03-06,1747.86669921875,1764.9190572599086,1671.1310880335366,1671.1310880335366,144894100.0
2025-03-07,1705.23583984375,1756.3929150390625,1696.7096606445311,1747.8667358398436,69663600.0
2025-03-10,1632.76318359375,1747.8665934032313,1619.973915837141,1730.8142363944191,94510000.0
2025-03-11,1577.3431396484375,1628.5002144478462,1556.0276918153504,1628.5002144478462,98574500.0
2025-03-12,1577.3431396484375,1585.8693187816723,1543.2384231154983,1577.3431396484375,69711900.0
2025-03-13,1590.1324462890625,1598.658625625733,1551.7646392740448,1577.3431772840565,70322500.0
2025-03-14,1543.2384033203125,1585.869298439658,1534.7122242964433,1581.6062089277234,61848900.0
2025-03-17,1547.50146484375,1556.0276437134125,1504.8705704954373,1543.2383754089187,65129900.0
2025-03-18,1530.4490966796875,1551.7645437086526,1432.3980403464484,1547.5014543028594,92897100.0
2025-03-19,1534.712158203125,1543.2383368598091,1496.344354248047,1526.185979546441,58040000.0
2025-03-20,1534.712158203125,1585.8692301432293,1521.922890218099,1543.2383368598091,76898500.0
2025-03-21,1534.712158203125,1538.9752475314672,1487.818175591363,1534.712158203125,72314800.0
2025-03-24,1492.081298828125,1526.1860142299108,1449.450404575893,1526.1860142299108,64307500.0
2025-03-25,1487.8182373046875,1487.8182373046875,1457.9766107684904,1470.7658792840034,42868900.0
2025-03-26,1568.81689453125,1577.3430733058763,1492.0812855596128,1496.3443749469259,58511800.0
2025-03-27,1573.080078125,1573.080078125,1538.9753609840786,1568.8169884823847,40781500.0
2025-03-28,1573.080078125,1573.080078125,1538.9753609840786,1568.8169884823847,40781500.0
2025-03-31,1573.080078125,1573.080078125,1538.9753609840786,1568.8169884823847,40781500.0
2025-04-01,1573.080078125,1573.080078125,1538.9753609840786,1568.8169884823847,40781500.0
2025-04-02,1573.080078125,1573.080078125,1538.9753609840786,1568.8169884823847,40781500.0
2025-04-03,1573.080078125,1573.080078125,1538.9753609840786,1568.8169884823847,40781500.0
2025-04-04,1573.080078125,1573.080078125,1538.9753609840786,1568.8169884823847,40781500.0
2025-04-07,1573.080078125,1573.080078125,1538.9753609840786,1568.8169884823847,40781500.0
2025-04-08,1402.5565185546875,1470.765954107499,1364.188711056231,1470.765954107499,141027600.0
2025-04-09,1406.8194580078125,1445.1872614080255,1368.4516546075995,1398.2932794744318,86056100.0
2025-04-10,1449.450439453125,1487.8182452033548,1445.1873499253218,1475.0289766199448,83847100.0
2025-04-11,1462.2396240234375,1470.7658025891717,1419.6087311947658,1445.1872668919689,50787600.0
2025-04-14,1504.87060546875,1521.922963604373,1462.239710129692,1466.5027996635977,67488800.0
2025-04-15,1534.712158203125,1560.2906941731771,1500.607443576389,1513.396711561415,76449300.0
2025-04-16,1534.712158203125,1573.0799621582032,1521.922890218099,1543.2383368598091,93203900.0
2025-04-17,1534.712158203125,1543.2383368598091,1509.133622233073,1534.712158203125,57545300.0
2025-04-18,1534.712158203125,1543.2383368598091,1509.133622233073,1534.712158203125,57545300.0
2025-04-21,1538.975341796875,1551.7646105652702,1530.449162617945,1534.71225220741,34104500.0
2025-04-22,1602.921630859375,1624.2370780782496,1530.449110315201,1543.238378646526,121770200.0
2025-04-23,1577.3431396484375,1637.026393581081,1568.8169605152027,1624.2371248812287,71378400.0
2025-04-24,1598.6585693359375,1628.5001959635417,1577.3431217447917,1585.86930078125,75456400.0
2025-04-25,1602.921630859375,1615.7108991906998,1594.395451971825,1602.921630859375,52602900.0
2025-04-28,1619.9739990234375,1645.5525358501234,1598.6585516678658,1611.4478200812089,58310900.0
2025-04-29,1619.9739990234375,1632.7632674367803,1615.710909552323,1624.2370884945517,39242200.0
2025-04-30,1619.9739990234375,1641.289446379009,1602.9216411389802,1619.9739990234375,64060100.0
2025-05-01,1619.9739990234375,1641.289446379009,1602.9216411389802,1619.9739990234375,64060100.0
2025-05-02,1607.184814453125,1615.710993840144,1590.1324556790864,1598.6586350661057,43142000.0
2025-05-05,1585.8692626953125,1615.7108886062458,1577.3430838636173,1607.1847097745506,58190500.0
2025-05-06,1598.6585693359375,1611.4478378906251,1590.132390299479,1594.3954798177083,53213500.0
2025-05-07,1619.9739990234375,1658.3418042634662,1607.1847306100944,1607.1847306100944,69971800.0
2025-05-08,1615.7109375,1637.0263852242742,1594.3954897757255,1619.974027044855,61170800.0
2025-05-09,1581.606201171875,1615.7109171001096,1581.606201171875,1615.7109171001096,35964800.0
2025-05-12,1581.606201171875,1615.7109171001096,1581.606201171875,1615.7109171001096,35964800.0
2025-05-13,1581.606201171875,1615.7109171001096,1581.606201171875,1615.7109171001096,35964800.0
2025-05-14,1632.76318359375,1641.289362098156,1585.869201819517,1585.869201819517,131459600.0
2025-05-15,1632.76318359375,1641.289362098156,1611.447737332735,1615.710826584938,72559600.0
2025-05-16,1833.12841796875,1875.7593114098838,1637.0263081395349,1658.3417548601017,287980400.0
2025-05-19,1978.073486328125,2046.282916891164,1841.6546252020476,1850.1808040224273,345031600.0
2025-05-20,1884.2855224609375,2071.861456823565,1884.2855224609375,2003.6520261462458,310118200.0
2025-05-21,1841.6546630859375,1926.9164530436196,1833.1284840901692,1918.3902740478516,167691200.0
2025-05-22,1833.12841796875,1858.7069540334303,1816.0760605922965,1841.6545966569768,104428800.0
2025-05-23,1790.49755859375,1807.5499162946428,1781.9713797433035,1799.0237374441965,73673300.0
2025-05-26,1781.971435546875,1841.6546893690193,1764.9190773119767,1816.0761520166718,104197400.0
2025-05-27,1952.4949951171875,1961.0211741351663,1790.4975937755867,1816.0761308295237,276927900.0
2025-05-28,1875.7593994140625,2012.1782648259943,1858.707041237571,1969.5473693847657,351823900.0
2025-05-29,1875.7593994140625,2012.1782648259943,1858.707041237571,1969.5473693847657,351823900.0
2025-05-30,1875.7593994140625,2012.1782648259943,1858.707041237571,1969.5473693847657,351823900.0
2025-06-02,1816.0760498046875,1884.285478905333,1799.0236925295262,1875.7593002677525,137729200.0
2025-06-03,1790.49755859375,1850.180810546875,1781.9713797433035,1833.128452845982,102070000.0
2025-06-04,1790.49755859375,1850.180810546875,1790.49755859375,1799.0237374441965,105923900.0
2025-06-05,1807.5499267578125,1824.6022845574146,1781.9713900584095,1807.5499267578125,70318400.0
2025-06-06,1807.5499267578125,1824.6022845574146,1781.9713900584095,1807.5499267578125,70318400.0
2025-06-09,1807.5499267578125,1824.6022845574146,1781.9713900584095,1807.5499267578125,70318400.0
2025-06-10,1799.023681640625,1824.6022173985486,1773.4451458827016,1807.5498602265995,112227000.0
2025-06-11,1807.5499267578125,1824.6022845574146,1790.4975689582104,1816.0761056576134,83175100.0
2025-06-12,1807.5499267578125,1833.1284634572155,1790.4975689582104,1807.5499267578125,117397600.0
2025-06-13,1846.12890625,1878.5171326754385,1804.4869008458647,1813.7406798245613,131136900.0
2025-06-16,1850.755859375,1897.024755859375,1836.8751904296876,1846.1289697265624,77289400.0
2025-06-17,1850.755859375,1878.5171972656249,1841.502080078125,1878.5171972656249,35731200.0
2025-06-18,1841.5020751953125,1860.009633739989,1827.621406286805,1850.7558544676508,69269600.0
2025-06-19,1781.3524169921875,1841.5019791243913,1776.7255275974026,1841.5019791243913,72922200.0
2025-06-20,1721.202880859375,1790.6062228295111,1711.9491019300235,1781.3524439001596,182119700.0
2025-06-23,1665.68017578125,1711.9490695529514,1656.4263970269099,1711.9490695529514,86737300.0
2025-06-24,1679.5609130859375,1707.3222504923167,1674.9340235182076,1674.9340235182076,62766700.0
2025-06-25,1651.799560546875,1702.6953453256303,1633.2920024455095,1702.6953453256303,66293600.0
2025-06-26,1656.4263916015625,1670.3070596876091,1647.1726128775315,1656.4263916015625,48210100.0
2025-06-27,1656.4263916015625,1670.3070596876091,1647.1726128775315,1656.4263916015625,48210100.0
2025-06-30,1693.4415283203125,1702.6953071635928,1665.6801917904713,1674.9339706337516,51581800.0
2025-07-01,1693.4415283203125,1721.2028648501537,1679.560860055392,1707.322196585233,38347300.0
2025-07-02,1642.5457763671875,1698.0684504979095,1642.5457763671875,1693.441560987016,54356500.0
2025-07-03,1628.6651611328125,1661.0533887689764,1610.157602483576,1651.799609444358,71567900.0
2025-07-04,1624.0382080078125,1633.29198697082,1600.9037606002937,1628.6650974893162,43978000.0
2025-07-07,1610.1575927734375,1628.6651513110633,1600.9038135046246,1628.6651513110633,32279600.0
2025-07-08,1614.784423828125,1656.426429027131,1610.1575343615689,1610.1575343615689,58165700.0
2025-07-09,1610.1575927734375,1624.038261676657,1600.9038135046246,1614.784482407844,49878100.0
2025-07-10,1702.6953125,1707.3222019361413,1614.7844132133152,1614.7844132133152,76250900.0
2025-07-11,1730.4566650390625,1772.0986703474891,1702.695328166778,1711.9491071242062,96067200.0
2025-07-14,1688.814697265625,1739.7104826626712,1679.5609181025256,1735.0835930811215,53413000.0
2025-07-15,1679.5609130859375,1693.4415817891272,1665.680244382748,1688.8146922213973,35314100.0
2025-07-16,1702.6953125,1730.4566491168478,1684.1877547554348,1684.1877547554348,46377600.0
2025-07-17,1693.4415283203125,1716.5759754285134,1688.8146388986722,1711.9490860068731,42886200.0
2025-07-18,1698.0684814453125,1721.2029294214067,1693.4415918500936,1693.4415918500936,32812200.0
2025-07-21,1744.33740234375,1753.5911816665287,1707.322285052636,1725.829843698193,52151800.0
2025-07-22,1818.3675537109375,1897.0246743549221,1748.9642119662453,1748.9642119662453,270044800.0
2025-07-23,1869.263427734375,1897.024765770034,1822.9945310082767,1860.0096483891552,147267400.0
2025-07-24,1827.621337890625,1887.77090090981,1818.3675589645966,1878.5171219837816,64712300.0
2025-07-25,1772.0986328125,1846.1288629038838,1767.4717434317884,1836.8750841424608,66713900.0
2025-07-28,1781.3524169921875,1813.7406427556818,1776.7255275974026,1781.3524169921875,43988100.0
2025-07-29,1776.7255859375,1799.8600336710613,1767.4718068440754,1785.9793650309246,38448400.0
2025-07-30,1758.218017578125,1795.2331337376645,1748.9642385382401,1785.9793546977796,45115800.0
2025-07-31,1711.9490966796875,1767.4717700855151,1711.9490966796875,1758.217991184544,74705000.0
2025-08-01,1725.829833984375,1735.0836132550687,1716.5760547136813,1716.5760547136813,25653000.0
2025-08-04,1758.218017578125,1776.7255756578948,1693.4415642989309,1725.829790938528,52741400.0
2025-08-05,1725.829833984375,1762.8449510671499,1721.202944349028,1758.2180614318029,40393200.0
2025-08-06,1721.202880859375,1739.710438718078,1721.202880859375,1725.8297703240507,33705900.0
2025-08-07,1730.4566650390625,1748.9642229539188,1725.8297755603485,1725.8297755603485,23892300.0
2025-08-08,1656.4263916015625,1711.949063945749,1651.7995022395469,1711.949063945749,161970100.0
2025-08-11,1674.9339599609375,1693.4415175295665,1656.4264023923083,1665.680181176623,68257400.0
2025-08-12,1721.202880859375,1730.4566597887265,1674.9339862126176,1674.9339862126176,63852100.0
2025-08-13,1693.4415283203125,1753.591090801635,1693.4415283203125,1753.591090801635,72682400.0
2025-08-14,1702.6953125,1725.8297596807065,1693.4415336277175,1693.4415336277175,29782700.0
2025-08-15,1674.9339599609375,1711.9490750981956,1674.9339599609375,1702.695296313881,45821800.0
2025-08-18,1674.9339599609375,1711.9490750981956,1674.9339599609375,1702.695296313881,45821800.0
2025-08-19,1665.68017578125,1679.5608439127604,1656.4263970269099,1674.9339545355904,79046600.0
2025-08-20,1674.9339599609375,1679.5608493530947,1665.680181176623,1665.680181176623,39415400.0
2025-08-21,1647.1727294921875,1693.4416263880353,1647.1727294921875,1674.934067629696,81542300.0
2025-08-22,1642.5457763671875,1665.680223921655,1642.5457763671875,1656.4264448998679,55696800.0
2025-08-25,1610.1575927734375,1661.0533787519082,1610.1575927734375,1647.172709848689,126177800.0
2025-08-26,1605.5306396484375,1647.1726447113654,1587.023081842692,1610.157529099874,957667000.0
2025-08-27,1670.30712890625,1725.8298035513333,1633.2920124761947,1647.1726811374654,320062900.0
2025-08-28,1637.9189453125,1698.0685111008122,1637.9189453125,1698.0685111008122,104126600.0
2025-08-29,1624.0382080078125,1642.5457659338274,1591.6499816372864,1619.4113185263088,165863700.0
2025-09-01,1591.6500244140625,1605.530693231627,1545.3811283555142,1577.7693555964981,94527700.0
2025-09-02,1591.6500244140625,1614.7844724433367,1591.6500244140625,1600.9038036257723,58106300.0
2025-09-03,1600.90380859375,1637.9189255554552,1591.6500293533238,1596.2769189735368,80794900.0
2025-09-04,1628.6651611328125,1684.187837080522,1605.530712821267,1605.530712821267,167436900.0
2025-09-05,1628.6651611328125,1684.187837080522,1605.530712821267,1605.530712821267,167436900.0
2025-09-08,1591.6500244140625,1647.1726996843206,1591.6500244140625,1633.292030866756,123216100.0
2025-09-09,1559.26171875,1610.1575018545996,1559.26171875,1591.6499443620178,82607000.0
2025-09-10,1559.26171875,1587.0230549888724,1559.26171875,1563.8886081231456,59001100.0
2025-09-11,1554.6348876953125,1582.396224975586,1554.6348876953125,1573.1424458821614,53602600.0
2025-09-12,1545.381103515625,1568.5155511730445,1545.381103515625,1559.2617721100767,77099600.0
2025-09-15,1554.6348876953125,1563.888666788737,1550.0079981486003,1550.0079981486003,59001400.0
2025-09-16,1526.87353515625,1573.142430160985,1522.2466456557765,1559.2617616595644,133878100.0
2025-09-17,1550.0079345703125,1554.6348239272388,1526.873487785681,1531.5003771426072,76718400.0
2025-09-18,1517.6197509765625,1559.2617563387244,1517.6197509765625,1554.6348668540397,88086100.0
2025-09-19,1540.7542724609375,1540.7542724609375,1508.3660445113082,1522.246713632578,89103600.0
2025-09-22,1536.1273193359375,1554.6348774002258,1522.2466507877211,1540.7542088520095,68080400.0
2025-09-23,1628.6651611328125,1633.2920507951217,1526.8735885620117,1540.7542575489392,265965400.0
2025-09-24,1600.90380859375,1656.4264840363078,1596.2769189735368,1642.5458151756684,146696300.0
2025-09-25,1596.27685546875,1624.0381920855978,1582.396187160326,1605.5306343410325,75319600.0
2025-09-26,1573.1424560546875,1591.6500143612132,1563.8886769014246,1573.1424560546875,58983800.0
2025-09-29,1596.27685546875,1605.5306343410325,1568.5155188519022,1573.1424082880435,60551100.0
2025-09-30,1563.888671875,1610.1575674926034,1563.888671875,1600.9037883690828,75864300.0
2025-10-01,1545.381103515625,1577.7693302360124,1540.754213984141,1573.1424407045283,55169300.0
2025-10-02,1545.381103515625,1577.7693302360124,1545.381103515625,1550.0079930471088,49443100.0
2025-10-03,1536.1273193359375,1554.6348774002258,1526.8735403037933,1540.7542088520095,53013900.0
2025-10-06,1531.50048828125,1563.8887161300984,1526.8735985885576,1540.7542676666353,65166500.0
2025-10-07,1526.87353515625,1540.7542036576706,1512.9928666548296,1540.7542036576706,91088500.0
2025-10-08,1711.9490966796875,1711.9490966796875,1503.7390714078335,1526.8735186602617,324208100.0
2025-10-09,1600.90380859375,1739.7104972001446,1577.7693604926842,1725.8298283395052,486714100.0
2025-10-10,1619.411376953125,1651.7996044921874,1591.6500390625,1605.5307080078126,149046300.0
2025-10-13,1596.27685546875,1642.545749830163,1563.8886294157608,1596.27685546875,115736300.0
2025-10-14,1577.769287109375,1637.9188493745419,1559.2617294893237,1600.9037341344392,142590700.0
2025-10-15,1554.6348876953125,1587.023114522298,1531.5004399617512,1577.7693354288738,84255400.0
2025-10-16,1550.0079345703125,1568.5154919980178,1545.3810452133862,1563.8886026410914,43126000.0
2025-10-17,1526.87353515625,1563.8886511600379,1526.87353515625,1550.0079826586175,79119300.0
2025-10-20,1568.5155029296875,1577.7692817080338,1526.8734984271293,1526.8734984271293,71982100.0
2025-10-21,1670.30712890625,1698.0684662287917,1568.5155587235977,1568.5155587235977,283345400.0
2025-10-22,1642.5457763671875,1684.1877819652289,1624.0382183236136,1674.934002943442,120500800.0
2025-10-23,1656.4263916015625,1665.6801703255935,1624.0381660674536,1647.1726128775315,61586100.0
2025-10-24,1628.6651611328125,1674.9340577559037,1624.0382714705033,1656.4264991066673,71132100.0
2025-10-27,1651.799560546875,1679.5608976989233,1605.5306652934612,1628.6651129201682,126426000.0
2025-10-28,1651.799560546875,1670.3071186482405,1642.5457814961921,1661.0533395975579,74745100.0
2025-10-29,1790.606201171875,1799.8599799893007,1642.5457400930636,1651.7995189104893,465423400.0
2025-10-30,1832.248291015625,1860.009628758286,1772.0987259065262,1809.1138428967408,365299800.0
2025-10-31,1744.33740234375,1836.8751955715352,1725.829843698193,1832.248305910146,278129200.0
2025-11-03,1795.233154296875,1836.8751604532458,1753.5911481405042,1753.5911481405042,167263300.0
2025-11-04,1762.844970703125,1809.1138675719735,1744.3374119555856,1795.233198511319,97432000.0
2025-11-05,1748.9642333984375,1758.2180124111276,1711.949117347677,1739.7104543857474,109993300.0
2025-11-06,1776.7255859375,1804.4869232177734,1748.9642486572266,1748.9642486572266,140062300.0
2025-11-07,1799.8599853515625,1813.7406536190551,1762.8448699715818,1781.3524276615722,104734700.0
2025-11-10,1813.74072265625,1832.2482810507015,1790.6062746631856,1818.367612254863,118023700.0
2025-11-11,1804.4869384765625,1827.6213864057493,1781.352490547376,1813.7407176482373,130750300.0
2025-11-12,1818.3675537109375,1832.248222059876,1785.9793275634145,1804.4868853619992,96844300.0
2025-11-13,1785.9793701171875,1822.9944865963002,1785.9793701171875,1818.367597036411,89248300.0
2025-11-14,1739.71044921875,1781.3524546521776,1739.71044921875,1776.7255651595744,110646200.0
2025-11-17,1767.4718017578125,1767.4718017578125,1721.2029064238384,1739.710464557428,104434200.0
2025-11-18,1739.71044921875,1776.7255651595744,1711.9491122631316,1767.4717861743684,98428200.0
2025-11-19,1776.7255859375,1785.9793650309246,1739.710469563802,1748.9642486572266,74350800.0
2025-11-20,1762.844970703125,1795.233198511319,1758.2180810162401,1785.9794191375493,52140900.0
2025-11-21,1730.4566650390625,1758.2180019113468,1725.8297755603485,1758.2180019113468,60223900.0
2025-11-24,1735.0836181640625,1744.3373974609374,1711.949169921875,1744.3373974609374,88910200.0
2025-11-25,1716.5760498046875,1739.7104979152627,1711.9491601825725,1739.7104979152627,53971700.0
2025-11-26,1707.322265625,1735.0836032774391,1688.8147071900407,1735.0836032774391,64919800.0
2025-11-27,1674.9339599609375,1711.9490750981956,1674.9339599609375,1711.9490750981956,70755600.0
2025-11-28,1674.9339599609375,1684.187738745252,1665.680181176623,1674.9339599609375,48940700.0
2025-12-01,1684.187744140625,1698.0684123615642,1679.5608547336453,1679.5608547336453,44059900.0
2025-12-02,1702.6953125,1721.2028702445652,1688.814644191576,1688.814644191576,52388300.0
2025-12-03,1711.9490966796875,1716.575986130173,1698.0684283282305,1702.6953177787161,24998900.0
2025-12-04,1674.9339599609375,1716.575964490353,1670.30707056878,1711.9490750981956,46528500.0
2025-12-05,1679.5609130859375,1679.5609130859375,1665.680244382748,1674.9340235182076,42791600.0
2025-12-08,1758.218017578125,1762.8449070980676,1698.0684538188734,1702.6953433388157,173167600.0
2025-12-09,1698.0684814453125,1762.844935778376,1693.4415918500936,1762.844935778376,104418300.0
2025-12-10,1693.4415283203125,1725.8297542717937,1693.4415283203125,1702.6953071635928,51947100.0
2025-12-11,1647.1727294921875,1725.829854215129,1633.292060423433,1702.6954057672049,115890200.0
2025-12-12,1647.1727294921875,1665.6802882505265,1633.292060423433,1647.1727294921875,56176000.0
2025-12-15,1688.814697265625,1707.3222555918237,1642.5458014501285,1651.7995806132278,77447900.0
2025-12-16,1670.30712890625,1693.4415766750346,1665.6802393524931,1688.8146871212778,45008700.0
2025-12-17,1679.5609130859375,1707.3222504923167,1670.307133950478,1684.1878026536674,55292900.0
2025-12-18,1758.218017578125,1790.606244217722,1739.7104594983552,1758.218017578125,264349900.0
2025-12-19,1758.218017578125,1776.7255756578948,1758.218017578125,1758.218017578125,130050500.0
2025-12-22,1753.5911865234375,1772.0987452202548,1744.337407175029,1767.4718555460506,102188900.0
2025-12-23,1762.844970703125,1767.4718603900099,1744.3374119555856,1753.5911913293553,58690600.0
2025-12-24,1748.9642333984375,1767.4717914238179,1748.9642333984375,1762.8449019174727,83361000.0
2025-12-25,1748.9642333984375,1767.4717914238179,1748.9642333984375,1762.8449019174727,83361000.0
2025-12-26,1748.9642333984375,1767.4717914238179,1748.9642333984375,1762.8449019174727,83361000.0
2025-12-29,1799.8599853515625,1818.3675430415528,1767.4717593940793,1772.098648816577,264307500.0
2025-12-30,1810.0,1840.0,1805.0,1840.0,151401900.0
2025-12-31,1810.0,1840.0,1805.0,1840.0,151401900.0
2026-01-01,1810.0,1840.0,1805.0,1840.0,151401900.0
2026-01-02,1820.0,1825.0,1810.0,1810.0,58883900.0
2026-01-05,1840.0,1865.0,1825.0,1825.0,78143000.0
2026-01-06,1865.0,1925.0,1820.0,1850.0,183422100.0
2026-01-07,2010.0,2050.0,1870.0,1890.0,295221400.0
2026-01-08,2030.0,2250.0,2010.0,2120.0,535722000.0
2026-01-09,2100.0,2120.0,2010.0,2040.0,192138400.0
2026-01-12,2150.0,2210.0,2020.0,2150.0,382134900.0
2026-01-13,2290.0,2340.0,2180.0,2230.0,478869800.0
2026-01-14,2230.0,2330.0,2210.0,2300.0,225784000.0
2026-01-15,2230.0,2320.0,2210.0,2250.0,128582000.0
2026-01-16,2230.0,2320.0,2210.0,2250.0,128582000.0
2026-01-19,2170.0,2250.0,2130.0,2230.0,167472500.0
2026-01-20,2240.0,2270.0,2160.0,2170.0,141605900.0
2026-01-21,2260.0,2280.0,2180.0,2250.0,145474200.0
2026-01-22,2350.0,2400.0,2240.0,2270.0,374028500.0
2026-01-23,2400.0,2420.0,2280.0,2370.0,231231800.0
2026-01-26,2390.0,2430.0,2360.0,2420.0,154645200.0
2026-01-27,2290.0,2410.0,2210.0,2400.0,218547800.0
2026-01-28,2210.0,2280.0,2070.0,2150.0,337819000.0
2026-01-29,2220.0,2250.0,1900.0,2210.0,294890600.0
2026-01-30,2210.0,2310.0,2160.0,2220.0,151823900.0
2026-02-02,2140.0,2270.0,2070.0,2250.0,201818000.0
2026-02-03,2150.0,2170.0,2030.0,2140.0,148774000.0
2026-02-04,2180.0,2230.0,2130.0,2160.0,98841300.0
2026-02-05,2100.0,2220.0,2090.0,2180.0,125355100.0
2026-02-06,2080.0,2120.0,2030.0,2050.0,81490600.0
2026-02-09,2130.0,2140.0,2100.0,2140.0,61522200.0
2026-02-10,2170.0,2220.0,2130.0,2140.0,116176800.0
2026-02-11,2220.0,2230.0,2160.0,2170.0,118910500.0
2026-02-12,2220.0,2260.0,2190.0,2230.0,81680900.0
2026-02-13,2220.0,2260.0,2200.0,2220.0,83769700.0
2026-02-16,2220.0,2260.0,2200.0,2220.0,83769700.0
2026-02-17,2220.0,2260.0,2200.0,2220.0,83769700.0
2026-02-18,2250.0,2290.0,2210.0,2220.0,88901300.0
2026-02-19,2300.0,2340.0,2260.0,2260.0,129190400.0
2026-02-20,2300.0,2310.0,2260.0,2300.0,59510000.0
2026-02-23,2320.0,2320.0,2280.0,2300.0,54782000.0
2026-02-24,2290.0,2330.0,2280.0,2300.0,78680000.0
2026-02-25,2370.0,2380.0,2300.0,2300.0,106763600.0
2026-02-26,2320.0,2400.0,2280.0,2390.0,96580200.0
2026-02-27,2340.0,2380.0,2270.0,2320.0,121910200.0
2026-03-02,2410.0,2430.0,2320.0,2340.0,179344900.0
2026-03-03,2470.0,2530.0,2420.0,2470.0,195392400.0
2026-03-04,2400.0,2490.0,2320.0,2490.0,180604800.0
2026-03-05,2430.0,2450.0,2370.0,2420.0,96574100.0
2026-03-06,2400.0,2420.0,2360.0,2410.0,83678800.0
2026-03-09,2350.0,2380.0,2280.0,2350.0,141143200.0
2026-03-10,2380.0,2390.0,2310.0,2380.0,66441500.0
2026-03-11,2350.0,2440.0,2350.0,2390.0,67206800.0
2026-03-12,2500.0,2510.0,2370.0,2380.0,163615600.0
2026-03-13,2480.0,2530.0,2460.0,2500.0,77948600.0
2026-03-16,2440.0,2490.0,2390.0,2480.0,56821000.0
2026-03-17,2450.0,2520.0,2440.0,2440.0,134662700.0
2026-03-18,2450.0,2520.0,2440.0,2440.0,134662700.0
2026-03-19,2450.0,2520.0,2440.0,2440.0,134662700.0
2026-03-20,2450.0,2520.0,2440.0,2440.0,134662700.0
2026-03-23,2450.0,2520.0,2440.0,2440.0,134662700.0
2026-03-24,2450.0,2520.0,2440.0,2440.0,134662700.0
2026-03-25,2630.0,2650.0,2450.0,2450.0,186568900.0
2026-03-26,2580.0,2700.0,2530.0,2630.0,106174500.0
2026-03-27,2540.0,2600.0,2530.0,2590.0,33994400.0
2026-03-30,2620.0,2640.0,2550.0,2550.0,69891200.0
2026-03-31,2580.0,2630.0,2550.0,2620.0,47009100.0
2026-04-01,2490.0,2590.0,2480.0,2590.0,154944400.0
2026-04-02,2500.0,2600.0,2480.0,2490.0,117721300.0
2026-04-03,2500.0,2600.0,2480.0,2490.0,117721300.0
2026-04-06,2510.0,2570.0,2470.0,2500.0,65923900.0
2026-04-07,2410.0,2550.0,2400.0,2510.0,83767500.0
2026-04-08,2420.0,2450.0,2360.0,2410.0,91754200.0
2026-04-09,2410.0,2460.0,2390.0,2420.0,48944200.0
2026-04-10,2440.0,2460.0,2410.0,2410.0,52669600.0
2026-04-13,2480.0,2480.0,2430.0,2460.0,68319200.0
2026-04-14,2450.0,2490.0,2440.0,2480.0,80320700.0
2026-04-15,2520.0,2560.0,2470.0,2470.0,122053300.0
2026-04-16,2510.0,2540.0,2490.0,2530.0,38462300.0
2026-04-17,2560.0,2580.0,2510.0,2520.0,71416400.0
2026-04-20,2530.0,2570.0,2510.0,2560.0,90358300.0
2026-04-21,2500.0,2550.0,2500.0,2540.0,69061000.0
2026-04-22,2520.0,2530.0,2510.0,2510.0,43877700.0
